{
    "0": {
        "precision": 0.8941176470588236,
        "recall": 0.95,
        "f1-score": 0.9212121212121213,
        "support": 80.0
    },
    "1": {
        "precision": 0.0,
        "recall": 0.0,
        "f1-score": 0.0,
        "support": 5.0
    },
    "2": {
        "precision": 1.0,
        "recall": 1.0,
        "f1-score": 1.0,
        "support": 1.0
    },
    "3": {
        "precision": 0.0,
        "recall": 0.0,
        "f1-score": 0.0,
        "support": 1.0
    },
    "4": {
        "precision": 0.09090909090909091,
        "recall": 0.14285714285714285,
        "f1-score": 0.1111111111111111,
        "support": 7.0
    },
    "5": {
        "precision": 0.0,
        "recall": 0.0,
        "f1-score": 0.0,
        "support": 0.0
    },
    "6": {
        "precision": 1.0,
        "recall": 1.0,
        "f1-score": 1.0,
        "support": 6.0
    },
    "7": {
        "precision": 0.4444444444444444,
        "recall": 0.3333333333333333,
        "f1-score": 0.38095238095238093,
        "support": 12.0
    },
    "8": {
        "precision": 0.0,
        "recall": 0.0,
        "f1-score": 0.0,
        "support": 3.0
    },
    "9": {
        "precision": 0.0,
        "recall": 0.0,
        "f1-score": 0.0,
        "support": 2.0
    },
    "10": {
        "precision": 0.2,
        "recall": 0.1111111111111111,
        "f1-score": 0.14285714285714285,
        "support": 9.0
    },
    "11": {
        "precision": 0.0,
        "recall": 0.0,
        "f1-score": 0.0,
        "support": 1.0
    },
    "12": {
        "precision": 0.0,
        "recall": 0.0,
        "f1-score": 0.0,
        "support": 0.0
    },
    "13": {
        "precision": 0.125,
        "recall": 0.25,
        "f1-score": 0.16666666666666666,
        "support": 4.0
    },
    "14": {
        "precision": 0.0,
        "recall": 0.0,
        "f1-score": 0.0,
        "support": 1.0
    },
    "15": {
        "precision": 0.0,
        "recall": 0.0,
        "f1-score": 0.0,
        "support": 0.0
    },
    "16": {
        "precision": 0.625,
        "recall": 0.45454545454545453,
        "f1-score": 0.5263157894736842,
        "support": 11.0
    },
    "17": {
        "precision": 1.0,
        "recall": 1.0,
        "f1-score": 1.0,
        "support": 2.0
    },
    "18": {
        "precision": 0.0,
        "recall": 0.0,
        "f1-score": 0.0,
        "support": 1.0
    },
    "19": {
        "precision": 0.0,
        "recall": 0.0,
        "f1-score": 0.0,
        "support": 1.0
    },
    "20": {
        "precision": 0.35714285714285715,
        "recall": 0.35714285714285715,
        "f1-score": 0.35714285714285715,
        "support": 28.0
    },
    "21": {
        "precision": 0.3333333333333333,
        "recall": 0.5,
        "f1-score": 0.4,
        "support": 2.0
    },
    "22": {
        "precision": 0.0,
        "recall": 0.0,
        "f1-score": 0.0,
        "support": 0.0
    },
    "23": {
        "precision": 0.0,
        "recall": 0.0,
        "f1-score": 0.0,
        "support": 1.0
    },
    "24": {
        "precision": 0.0,
        "recall": 0.0,
        "f1-score": 0.0,
        "support": 1.0
    },
    "25": {
        "precision": 1.0,
        "recall": 0.3333333333333333,
        "f1-score": 0.5,
        "support": 6.0
    },
    "26": {
        "precision": 0.3333333333333333,
        "recall": 0.35,
        "f1-score": 0.34146341463414637,
        "support": 20.0
    },
    "27": {
        "precision": 0.75,
        "recall": 0.75,
        "f1-score": 0.75,
        "support": 4.0
    },
    "28": {
        "precision": 0.36363636363636365,
        "recall": 0.36363636363636365,
        "f1-score": 0.36363636363636365,
        "support": 22.0
    },
    "29": {
        "precision": 0.0,
        "recall": 0.0,
        "f1-score": 0.0,
        "support": 4.0
    },
    "30": {
        "precision": 0.0,
        "recall": 0.0,
        "f1-score": 0.0,
        "support": 0.0
    },
    "31": {
        "precision": 0.0,
        "recall": 0.0,
        "f1-score": 0.0,
        "support": 0.0
    },
    "32": {
        "precision": 0.0,
        "recall": 0.0,
        "f1-score": 0.0,
        "support": 0.0
    },
    "33": {
        "precision": 0.5,
        "recall": 0.5,
        "f1-score": 0.5,
        "support": 2.0
    },
    "34": {
        "precision": 0.3333333333333333,
        "recall": 0.5714285714285714,
        "f1-score": 0.42105263157894735,
        "support": 14.0
    },
    "35": {
        "precision": 0.9090909090909091,
        "recall": 0.7142857142857143,
        "f1-score": 0.8,
        "support": 14.0
    },
    "36": {
        "precision": 0.0,
        "recall": 0.0,
        "f1-score": 0.0,
        "support": 2.0
    },
    "37": {
        "precision": 0.0,
        "recall": 0.0,
        "f1-score": 0.0,
        "support": 0.0
    },
    "38": {
        "precision": 0.0,
        "recall": 0.0,
        "f1-score": 0.0,
        "support": 0.0
    },
    "39": {
        "precision": 0.0,
        "recall": 0.0,
        "f1-score": 0.0,
        "support": 0.0
    },
    "40": {
        "precision": 0.0,
        "recall": 0.0,
        "f1-score": 0.0,
        "support": 3.0
    },
    "41": {
        "precision": 0.25,
        "recall": 0.5,
        "f1-score": 0.3333333333333333,
        "support": 2.0
    },
    "42": {
        "precision": 0.0,
        "recall": 0.0,
        "f1-score": 0.0,
        "support": 0.0
    },
    "43": {
        "precision": 0.0,
        "recall": 0.0,
        "f1-score": 0.0,
        "support": 6.0
    },
    "44": {
        "precision": 0.0,
        "recall": 0.0,
        "f1-score": 0.0,
        "support": 0.0
    },
    "45": {
        "precision": 0.0,
        "recall": 0.0,
        "f1-score": 0.0,
        "support": 1.0
    },
    "46": {
        "precision": 0.0,
        "recall": 0.0,
        "f1-score": 0.0,
        "support": 0.0
    },
    "47": {
        "precision": 0.0,
        "recall": 0.0,
        "f1-score": 0.0,
        "support": 0.0
    },
    "48": {
        "precision": 0.0,
        "recall": 0.0,
        "f1-score": 0.0,
        "support": 0.0
    },
    "49": {
        "precision": 0.0,
        "recall": 0.0,
        "f1-score": 0.0,
        "support": 1.0
    },
    "50": {
        "precision": 0.0,
        "recall": 0.0,
        "f1-score": 0.0,
        "support": 0.0
    },
    "51": {
        "precision": 0.0,
        "recall": 0.0,
        "f1-score": 0.0,
        "support": 0.0
    },
    "52": {
        "precision": 0.75,
        "recall": 0.75,
        "f1-score": 0.75,
        "support": 4.0
    },
    "53": {
        "precision": 0.16666666666666666,
        "recall": 0.3333333333333333,
        "f1-score": 0.2222222222222222,
        "support": 3.0
    },
    "54": {
        "precision": 0.0,
        "recall": 0.0,
        "f1-score": 0.0,
        "support": 1.0
    },
    "55": {
        "precision": 0.2857142857142857,
        "recall": 0.2222222222222222,
        "f1-score": 0.25,
        "support": 9.0
    },
    "56": {
        "precision": 0.3333333333333333,
        "recall": 0.2857142857142857,
        "f1-score": 0.3076923076923077,
        "support": 7.0
    },
    "57": {
        "precision": 0.11764705882352941,
        "recall": 0.10526315789473684,
        "f1-score": 0.1111111111111111,
        "support": 19.0
    },
    "58": {
        "precision": 0.125,
        "recall": 0.125,
        "f1-score": 0.125,
        "support": 8.0
    },
    "59": {
        "precision": 0.9428571428571428,
        "recall": 0.825,
        "f1-score": 0.88,
        "support": 40.0
    },
    "60": {
        "precision": 0.5,
        "recall": 0.6666666666666666,
        "f1-score": 0.5714285714285714,
        "support": 3.0
    },
    "61": {
        "precision": 0.0,
        "recall": 0.0,
        "f1-score": 0.0,
        "support": 0.0
    },
    "62": {
        "precision": 0.0,
        "recall": 0.0,
        "f1-score": 0.0,
        "support": 0.0
    },