{
    "0": {
        "precision": 0.8735632183908046,
        "recall": 0.8636363636363636,
        "f1-score": 0.8685714285714285,
        "support": 88.0
    },
    "1": {
        "precision": 0.0,
        "recall": 0.0,
        "f1-score": 0.0,
        "support": 5.0
    },
    "2": {
        "precision": 1.0,
        "recall": 1.0,
        "f1-score": 1.0,
        "support": 3.0
    },
    "3": {
        "precision": 0.0,
        "recall": 0.0,
        "f1-score": 0.0,
        "support": 2.0
    },
    "4": {
        "precision": 0.375,
        "recall": 0.17647058823529413,
        "f1-score": 0.24,
        "support": 17.0
    },
    "5": {
        "precision": 0.0,
        "recall": 0.0,
        "f1-score": 0.0,
        "support": 0.0
    },
    "6": {
        "precision": 1.0,
        "recall": 1.0,
        "f1-score": 1.0,
        "support": 3.0
    },
    "7": {
        "precision": 0.5,
        "recall": 0.42857142857142855,
        "f1-score": 0.46153846153846156,
        "support": 7.0
    },
    "8": {
        "precision": 0.0,
        "recall": 0.0,
        "f1-score": 0.0,
        "support": 3.0
    },
    "9": {
        "precision": 0.0,
        "recall": 0.0,
        "f1-score": 0.0,
        "support": 1.0
    },
    "10": {
        "precision": 1.0,
        "recall": 0.3333333333333333,
        "f1-score": 0.5,
        "support": 6.0
    },
    "11": {
        "precision": 0.0,
        "recall": 0.0,
        "f1-score": 0.0,
        "support": 0.0
    },
    "12": {
        "precision": 0.25,
        "recall": 0.5,
        "f1-score": 0.3333333333333333,
        "support": 2.0
    },
    "13": {
        "precision": 0.2,
        "recall": 0.2,
        "f1-score": 0.2,
        "support": 5.0
    },
    "14": {
        "precision": 0.0,
        "recall": 0.0,
        "f1-score": 0.0,
        "support": 1.0
    },
    "15": {
        "precision": 0.0,
        "recall": 0.0,
        "f1-score": 0.0,
        "support": 0.0
    },
    "16": {
        "precision": 1.0,
        "recall": 0.75,
        "f1-score": 0.8571428571428571,
        "support": 8.0
    },
    "17": {
        "precision": 0.4,
        "recall": 1.0,
        "f1-score": 0.5714285714285714,
        "support": 2.0
    },
    "18": {
        "precision": 0.0,
        "recall": 0.0,
        "f1-score": 0.0,
        "support": 0.0
    },
    "19": {
        "precision": 0.0,
        "recall": 0.0,
        "f1-score": 0.0,
        "support": 0.0
    },
    "20": {
        "precision": 0.5,
        "recall": 0.34375,
        "f1-score": 0.4074074074074074,
        "support": 32.0
    },
    "21": {
        "precision": 0.14285714285714285,
        "recall": 0.3333333333333333,
        "f1-score": 0.2,
        "support": 3.0
    },
    "22": {
        "precision": 0.0,
        "recall": 0.0,
        "f1-score": 0.0,
        "support": 0.0
    },
    "23": {
        "precision": 1.0,
        "recall": 1.0,
        "f1-score": 1.0,
        "support": 1.0
    },
    "24": {
        "precision": 0.0,
        "recall": 0.0,
        "f1-score": 0.0,
        "support": 1.0
    },
    "25": {
        "precision": 0.7142857142857143,
        "recall": 0.625,
        "f1-score": 0.6666666666666666,
        "support": 8.0
    },
    "26": {
        "precision": 0.2222222222222222,
        "recall": 0.21052631578947367,
        "f1-score": 0.21621621621621623,
        "support": 19.0
    },
    "27": {
        "precision": 0.0,
        "recall": 0.0,
        "f1-score": 0.0,
        "support": 0.0
    },
    "28": {
        "precision": 0.3333333333333333,
        "recall": 0.22727272727272727,
        "f1-score": 0.2702702702702703,
        "support": 22.0
    },
    "29": {
        "precision": 0.2857142857142857,
        "recall": 0.4,
        "f1-score": 0.3333333333333333,
        "support": 5.0
    },
    "30": {
        "precision": 0.0,
        "recall": 0.0,
        "f1-score": 0.0,
        "support": 0.0
    },
    "31": {
        "precision": 0.0,
        "recall": 0.0,
        "f1-score": 0.0,
        "support": 0.0
    },
    "32": {
        "precision": 0.0,
        "recall": 0.0,
        "f1-score": 0.0,
        "support": 0.0
    },
    "33": {
        "precision": 0.8,
        "recall": 1.0,
        "f1-score": 0.8888888888888888,
        "support": 4.0
    },
    "34": {
        "precision": 0.36,
        "recall": 0.42857142857142855,
        "f1-score": 0.391304347826087,
        "support": 21.0
    },
    "35": {
        "precision": 0.9166666666666666,
        "recall": 0.7333333333333333,
        "f1-score": 0.8148148148148148,
        "support": 15.0
    },
    "36": {
        "precision": 0.0,
        "recall": 0.0,
        "f1-score": 0.0,
        "support": 2.0
    },
    "37": {
        "precision": 0.0,
        "recall": 0.0,
        "f1-score": 0.0,
        "support": 0.0
    },
    "38": {
        "precision": 0.0,
        "recall": 0.0,
        "f1-score": 0.0,
        "support": 0.0
    },
    "39": {
        "precision": 0.0,
        "recall": 0.0,
        "f1-score": 0.0,
        "support": 0.0
    },
    "40": {
        "precision": 0.0,
        "recall": 0.0,
        "f1-score": 0.0,
        "support": 3.0
    },
    "41": {
        "precision": 0.0,
        "recall": 0.0,
        "f1-score": 0.0,
        "support": 3.0
    },
    "42": {
        "precision": 0.0,
        "recall": 0.0,
        "f1-score": 0.0,
        "support": 4.0
    },
    "43": {
        "precision": 0.07142857142857142,
        "recall": 0.125,
        "f1-score": 0.09090909090909091,
        "support": 8.0
    },
    "44": {
        "precision": 0.0,
        "recall": 0.0,
        "f1-score": 0.0,
        "support": 1.0
    },
    "45": {
        "precision": 0.0,
        "recall": 0.0,
        "f1-score": 0.0,
        "support": 2.0
    },
    "46": {
        "precision": 0.0,
        "recall": 0.0,
        "f1-score": 0.0,
        "support": 0.0
    },
    "47": {
        "precision": 0.0,
        "recall": 0.0,
        "f1-score": 0.0,
        "support": 0.0
    },
    "48": {
        "precision": 0.0,
        "recall": 0.0,
        "f1-score": 0.0,
        "support": 0.0
    },
    "49": {
        "precision": 1.0,
        "recall": 0.5,
        "f1-score": 0.6666666666666666,
        "support": 2.0
    },
    "50": {
        "precision": 0.0,
        "recall": 0.0,
        "f1-score": 0.0,
        "support": 0.0
    },
    "51": {
        "precision": 0.0,
        "recall": 0.0,
        "f1-score": 0.0,
        "support": 0.0
    },
    "52": {
        "precision": 0.0,
        "recall": 0.0,
        "f1-score": 0.0,
        "support": 0.0
    },
    "53": {
        "precision": 0.0,
        "recall": 0.0,
        "f1-score": 0.0,
        "support": 4.0
    },
    "54": {
        "precision": 0.0,
        "recall": 0.0,
        "f1-score": 0.0,
        "support": 0.0
    },
    "55": {
        "precision": 0.2857142857142857,
        "recall": 0.3076923076923077,
        "f1-score": 0.2962962962962963,
        "support": 13.0
    },
    "56": {
        "precision": 0.42857142857142855,
        "recall": 0.5,
        "f1-score": 0.46153846153846156,
        "support": 6.0
    },
    "57": {
        "precision": 0.35294117647058826,
        "recall": 0.3157894736842105,
        "f1-score": 0.3333333333333333,
        "support": 19.0
    },
    "58": {
        "precision": 0.2,
        "recall": 0.2,
        "f1-score": 0.2,
        "support": 5.0
    },
    "59": {
        "precision": 0.92,
        "recall": 0.8214285714285714,
        "f1-score": 0.8679245283018868,
        "support": 28.0
    },
    "60": {
        "precision": 0.0,
        "recall": 0.0,
        "f1-score": 0.0,
        "support": 0.0
    },
    "61": {
        "precision": 0.0,
        "recall": 0.0,
        "f1-score": 0.0,
        "support": 0.0
    },
    "62": {
        "precision": 0.0,
        "recall": 0.0,
        "f1-score": 0.0,
        "support": 0.0
    },