{
    "0": {
        "precision": 0.9402985074626866,
        "recall": 0.84,
        "f1-score": 0.8873239436619719,
        "support": 75.0
    },
    "1": {
        "precision": 0.0,
        "recall": 0.0,
        "f1-score": 0.0,
        "support": 2.0
    },
    "2": {
        "precision": 0.0,
        "recall": 0.0,
        "f1-score": 0.0,
        "support": 0.0
    },
    "3": {
        "precision": 0.0,
        "recall": 0.0,
        "f1-score": 0.0,
        "support": 3.0
    },
    "4": {
        "precision": 0.38461538461538464,
        "recall": 0.3333333333333333,
        "f1-score": 0.35714285714285715,
        "support": 15.0
    },
    "5": {
        "precision": 1.0,
        "recall": 1.0,
        "f1-score": 1.0,
        "support": 1.0
    },
    "6": {
        "precision": 1.0,
        "recall": 1.0,
        "f1-score": 1.0,
        "support": 4.0
    },
    "7": {
        "precision": 0.2727272727272727,
        "recall": 0.5,
        "f1-score": 0.35294117647058826,
        "support": 6.0
    },
    "8": {
        "precision": 0.0,
        "recall": 0.0,
        "f1-score": 0.0,
        "support": 0.0
    },
    "9": {
        "precision": 0.0,
        "recall": 0.0,
        "f1-score": 0.0,
        "support": 1.0
    },
    "10": {
        "precision": 0.5,
        "recall": 0.2727272727272727,
        "f1-score": 0.35294117647058826,
        "support": 11.0
    },
    "11": {
        "precision": 0.0,
        "recall": 0.0,
        "f1-score": 0.0,
        "support": 0.0
    },
    "12": {
        "precision": 0.0,
        "recall": 0.0,
        "f1-score": 0.0,
        "support": 3.0
    },
    "13": {
        "precision": 0.5,
        "recall": 0.2,
        "f1-score": 0.2857142857142857,
        "support": 10.0
    },
    "14": {
        "precision": 0.0,
        "recall": 0.0,
        "f1-score": 0.0,
        "support": 1.0
    },
    "15": {
        "precision": 0.0,
        "recall": 0.0,
        "f1-score": 0.0,
        "support": 1.0
    },
    "16": {
        "precision": 0.75,
        "recall": 0.5625,
        "f1-score": 0.6428571428571429,
        "support": 16.0
    },
    "17": {
        "precision": 0.8,
        "recall": 0.6666666666666666,
        "f1-score": 0.7272727272727273,
        "support": 6.0
    },
    "18": {
        "precision": 0.0,
        "recall": 0.0,
        "f1-score": 0.0,
        "support": 1.0
    },
    "19": {
        "precision": 0.0,
        "recall": 0.0,
        "f1-score": 0.0,
        "support": 1.0
    },
    "20": {
        "precision": 0.36,
        "recall": 0.45,
        "f1-score": 0.4,
        "support": 20.0
    },
    "21": {
        "precision": 0.0,
        "recall": 0.0,
        "f1-score": 0.0,
        "support": 1.0
    },
    "22": {
        "precision": 0.0,
        "recall": 0.0,
        "f1-score": 0.0,
        "support": 0.0
    },
    "23": {
        "precision": 0.0,
        "recall": 0.0,
        "f1-score": 0.0,
        "support": 0.0
    },
    "24": {
        "precision": 0.0,
        "recall": 0.0,
        "f1-score": 0.0,
        "support": 2.0
    },
    "25": {
        "precision": 0.7142857142857143,
        "recall": 0.5,
        "f1-score": 0.5882352941176471,
        "support": 10.0
    },
    "26": {
        "precision": 0.3333333333333333,
        "recall": 0.3157894736842105,
        "f1-score": 0.32432432432432434,
        "support": 19.0
    },
    "27": {
        "precision": 0.3333333333333333,
        "recall": 0.5,
        "f1-score": 0.4,
        "support": 2.0
    },
    "28": {
        "precision": 0.36,
        "recall": 0.42857142857142855,
        "f1-score": 0.391304347826087,
        "support": 21.0
    },
    "29": {
        "precision": 0.0,
        "recall": 0.0,
        "f1-score": 0.0,
        "support": 6.0
    },
    "30": {
        "precision": 0.0,
        "recall": 0.0,
        "f1-score": 0.0,
        "support": 0.0
    },
    "31": {
        "precision": 0.0,
        "recall": 0.0,
        "f1-score": 0.0,
        "support": 0.0
    },
    "32": {
        "precision": 0.0,
        "recall": 0.0,
        "f1-score": 0.0,
        "support": 0.0
    },
    "33": {
        "precision": 1.0,
        "recall": 0.75,
        "f1-score": 0.8571428571428571,
        "support": 4.0
    },
    "34": {
        "precision": 0.4090909090909091,
        "recall": 0.42857142857142855,
        "f1-score": 0.4186046511627907,
        "support": 21.0
    },
    "35": {
        "precision": 0.7857142857142857,
        "recall": 0.9166666666666666,
        "f1-score": 0.8461538461538461,
        "support": 12.0
    },
    "36": {
        "precision": 0.0,
        "recall": 0.0,
        "f1-score": 0.0,
        "support": 3.0
    },
    "37": {
        "precision": 0.0,
        "recall": 0.0,
        "f1-score": 0.0,
        "support": 0.0
    },
    "38": {
        "precision": 0.0,
        "recall": 0.0,
        "f1-score": 0.0,
        "support": 0.0
    },
    "39": {
        "precision": 0.0,
        "recall": 0.0,
        "f1-score": 0.0,
        "support": 1.0
    },
    "40": {
        "precision": 0.0,
        "recall": 0.0,
        "f1-score": 0.0,
        "support": 2.0
    },
    "41": {
        "precision": 0.0,
        "recall": 0.0,
        "f1-score": 0.0,
        "support": 1.0
    },
    "42": {
        "precision": 0.25,
        "recall": 1.0,
        "f1-score": 0.4,
        "support": 1.0
    },
    "43": {
        "precision": 0.1111111111111111,
        "recall": 0.125,
        "f1-score": 0.11764705882352941,
        "support": 8.0
    },
    "44": {
        "precision": 0.0,
        "recall": 0.0,
        "f1-score": 0.0,
        "support": 0.0
    },
    "45": {
        "precision": 0.0,
        "recall": 0.0,
        "f1-score": 0.0,
        "support": 1.0
    },
    "46": {
        "precision": 0.0,
        "recall": 0.0,
        "f1-score": 0.0,
        "support": 1.0
    },
    "47": {
        "precision": 0.0,
        "recall": 0.0,
        "f1-score": 0.0,
        "support": 0.0
    },
    "48": {
        "precision": 0.0,
        "recall": 0.0,
        "f1-score": 0.0,
        "support": 0.0
    },
    "49": {
        "precision": 0.0,
        "recall": 0.0,
        "f1-score": 0.0,
        "support": 3.0
    },
    "50": {
        "precision": 0.0,
        "recall": 0.0,
        "f1-score": 0.0,
        "support": 0.0
    },
    "51": {
        "precision": 0.0,
        "recall": 0.0,
        "f1-score": 0.0,
        "support": 0.0
    },
    "52": {
        "precision": 0.3333333333333333,
        "recall": 0.5,
        "f1-score": 0.4,
        "support": 2.0
    },
    "53": {
        "precision": 0.5,
        "recall": 0.2,
        "f1-score": 0.2857142857142857,
        "support": 5.0
    },
    "54": {
        "precision": 0.0,
        "recall": 0.0,
        "f1-score": 0.0,
        "support": 2.0
    },
    "55": {
        "precision": 0.2,
        "recall": 0.2857142857142857,
        "f1-score": 0.23529411764705882,
        "support": 7.0
    },
    "56": {
        "precision": 0.0,
        "recall": 0.0,
        "f1-score": 0.0,
        "support": 7.0
    },
    "57": {
        "precision": 0.2,
        "recall": 0.17647058823529413,
        "f1-score": 0.1875,
        "support": 17.0
    },
    "58": {
        "precision": 0.2857142857142857,
        "recall": 0.2857142857142857,
        "f1-score": 0.2857142857142857,
        "support": 7.0
    },
    "59": {
        "precision": 0.8857142857142857,
        "recall": 0.8378378378378378,
        "f1-score": 0.8611111111111112,
        "support": 37.0
    },
    "60": {
        "precision": 0.3333333333333333,
        "recall": 0.3333333333333333,
        "f1-score": 0.3333333333333333,
        "support": 3.0
    },
    "61": {
        "precision": 0.0,
        "recall": 0.0,
        "f1-score": 0.0,
        "support": 0.0
    },
    "62": {
        "precision": 0.0,
        "recall": 0.0,
        "f1-score": 0.0,
        "support": 0.0
    },