{
    "0": {
        "precision": 0.9058823529411765,
        "recall": 0.8651685393258427,
        "f1-score": 0.8850574712643678,
        "support": 89.0
    },
    "1": {
        "precision": 0.3333333333333333,
        "recall": 0.3333333333333333,
        "f1-score": 0.3333333333333333,
        "support": 6.0
    },
    "2": {
        "precision": 1.0,
        "recall": 1.0,
        "f1-score": 1.0,
        "support": 1.0
    },
    "3": {
        "precision": 0.0,
        "recall": 0.0,
        "f1-score": 0.0,
        "support": 1.0
    },
    "4": {
        "precision": 0.4444444444444444,
        "recall": 0.2857142857142857,
        "f1-score": 0.34782608695652173,
        "support": 14.0
    },
    "5": {
        "precision": 1.0,
        "recall": 1.0,
        "f1-score": 1.0,
        "support": 3.0
    },
    "6": {
        "precision": 1.0,
        "recall": 1.0,
        "f1-score": 1.0,
        "support": 7.0
    },
    "7": {
        "precision": 0.45454545454545453,
        "recall": 0.3333333333333333,
        "f1-score": 0.38461538461538464,
        "support": 15.0
    },
    "8": {
        "precision": 0.0,
        "recall": 0.0,
        "f1-score": 0.0,
        "support": 4.0
    },
    "9": {
        "precision": 0.5,
        "recall": 1.0,
        "f1-score": 0.6666666666666666,
        "support": 1.0
    },
    "10": {
        "precision": 0.0,
        "recall": 0.0,
        "f1-score": 0.0,
        "support": 7.0
    },
    "11": {
        "precision": 0.5,
        "recall": 1.0,
        "f1-score": 0.6666666666666666,
        "support": 1.0
    },
    "12": {
        "precision": 1.0,
        "recall": 1.0,
        "f1-score": 1.0,
        "support": 1.0
    },
    "13": {
        "precision": 0.2857142857142857,
        "recall": 0.4,
        "f1-score": 0.3333333333333333,
        "support": 10.0
    },
    "14": {
        "precision": 0.0,
        "recall": 0.0,
        "f1-score": 0.0,
        "support": 0.0
    },
    "15": {
        "precision": 1.0,
        "recall": 1.0,
        "f1-score": 1.0,
        "support": 3.0
    },
    "16": {
        "precision": 0.6,
        "recall": 0.8571428571428571,
        "f1-score": 0.7058823529411765,
        "support": 7.0
    },
    "17": {
        "precision": 0.9285714285714286,
        "recall": 1.0,
        "f1-score": 0.9629629629629629,
        "support": 13.0
    },
    "18": {
        "precision": 0.3333333333333333,
        "recall": 1.0,
        "f1-score": 0.5,
        "support": 1.0
    },
    "19": {
        "precision": 0.6666666666666666,
        "recall": 1.0,
        "f1-score": 0.8,
        "support": 2.0
    },
    "20": {
        "precision": 0.4,
        "recall": 0.27586206896551724,
        "f1-score": 0.32653061224489793,
        "support": 29.0
    },
    "21": {
        "precision": 0.0,
        "recall": 0.0,
        "f1-score": 0.0,
        "support": 3.0
    },
    "22": {
        "precision": 0.0,
        "recall": 0.0,
        "f1-score": 0.0,
        "support": 0.0
    },
    "23": {
        "precision": 0.0,
        "recall": 0.0,
        "f1-score": 0.0,
        "support": 1.0
    },
    "24": {
        "precision": 0.0,
        "recall": 0.0,
        "f1-score": 0.0,
        "support": 1.0
    },
    "25": {
        "precision": 0.3333333333333333,
        "recall": 0.5,
        "f1-score": 0.4,
        "support": 4.0
    },
    "26": {
        "precision": 0.2631578947368421,
        "recall": 0.2,
        "f1-score": 0.22727272727272727,
        "support": 25.0
    },
    "27": {
        "precision": 0.6666666666666666,
        "recall": 0.5,
        "f1-score": 0.5714285714285714,
        "support": 4.0
    },
    "28": {
        "precision": 0.375,
        "recall": 0.42857142857142855,
        "f1-score": 0.4,
        "support": 28.0
    },
    "29": {
        "precision": 0.3,
        "recall": 0.25,
        "f1-score": 0.2727272727272727,
        "support": 12.0
    },
    "30": {
        "precision": 0.0,
        "recall": 0.0,
        "f1-score": 0.0,
        "support": 0.0
    },
    "31": {
        "precision": 1.0,
        "recall": 1.0,
        "f1-score": 1.0,
        "support": 5.0
    },
    "32": {
        "precision": 1.0,
        "recall": 1.0,
        "f1-score": 1.0,
        "support": 1.0
    },
    "33": {
        "precision": 0.8,
        "recall": 0.8,
        "f1-score": 0.8,
        "support": 5.0
    },
    "34": {
        "precision": 0.4074074074074074,
        "recall": 0.4782608695652174,
        "f1-score": 0.44,
        "support": 23.0
    },
    "35": {
        "precision": 1.0,
        "recall": 0.6923076923076923,
        "f1-score": 0.8181818181818182,
        "support": 13.0
    },
    "36": {
        "precision": 0.0,
        "recall": 0.0,
        "f1-score": 0.0,
        "support": 3.0
    },
    "37": {
        "precision": 0.0,
        "recall": 0.0,
        "f1-score": 0.0,
        "support": 0.0
    },
    "38": {
        "precision": 1.0,
        "recall": 1.0,
        "f1-score": 1.0,
        "support": 1.0
    },
    "39": {
        "precision": 0.0,
        "recall": 0.0,
        "f1-score": 0.0,
        "support": 0.0
    },
    "40": {
        "precision": 0.3333333333333333,
        "recall": 0.5,
        "f1-score": 0.4,
        "support": 2.0
    },
    "41": {
        "precision": 0.0,
        "recall": 0.0,
        "f1-score": 0.0,
        "support": 1.0
    },
    "42": {
        "precision": 0.6666666666666666,
        "recall": 0.6666666666666666,
        "f1-score": 0.6666666666666666,
        "support": 3.0
    },
    "43": {
        "precision": 0.375,
        "recall": 0.6,
        "f1-score": 0.46153846153846156,
        "support": 5.0
    },
    "44": {
        "precision": 1.0,
        "recall": 1.0,
        "f1-score": 1.0,
        "support": 4.0
    },
    "45": {
        "precision": 1.0,
        "recall": 0.5,
        "f1-score": 0.6666666666666666,
        "support": 4.0
    },
    "46": {
        "precision": 0.5,
        "recall": 1.0,
        "f1-score": 0.6666666666666666,
        "support": 1.0
    },
    "47": {
        "precision": 0.0,
        "recall": 0.0,
        "f1-score": 0.0,
        "support": 0.0
    },
    "48": {
        "precision": 1.0,
        "recall": 1.0,
        "f1-score": 1.0,
        "support": 3.0
    },
    "49": {
        "precision": 0.0,
        "recall": 0.0,
        "f1-score": 0.0,
        "support": 0.0
    },
    "50": {
        "precision": 1.0,
        "recall": 1.0,
        "f1-score": 1.0,
        "support": 2.0
    },
    "51": {
        "precision": 0.0,
        "recall": 0.0,
        "f1-score": 0.0,
        "support": 0.0
    },
    "52": {
        "precision": 0.6666666666666666,
        "recall": 0.6666666666666666,
        "f1-score": 0.6666666666666666,
        "support": 3.0
    },
    "53": {
        "precision": 0.3333333333333333,
        "recall": 0.5,
        "f1-score": 0.4,
        "support": 2.0
    },
    "54": {
        "precision": 0.0,
        "recall": 0.0,
        "f1-score": 0.0,
        "support": 0.0
    },
    "55": {
        "precision": 0.5555555555555556,
        "recall": 0.4166666666666667,
        "f1-score": 0.47619047619047616,
        "support": 12.0
    },
    "56": {
        "precision": 0.6,
        "recall": 0.5,
        "f1-score": 0.5454545454545454,
        "support": 6.0
    },
    "57": {
        "precision": 0.45454545454545453,
        "recall": 0.37037037037037035,
        "f1-score": 0.40816326530612246,
        "support": 27.0
    },
    "58": {
        "precision": 0.5,
        "recall": 0.5,
        "f1-score": 0.5,
        "support": 8.0
    },
    "59": {
        "precision": 0.8648648648648649,
        "recall": 0.9696969696969697,
        "f1-score": 0.9142857142857143,
        "support": 33.0
    },
    "60": {
        "precision": 0.6666666666666666,
        "recall": 1.0,
        "f1-score": 0.8,
        "support": 2.0
    },
    "61": {
        "precision": 1.0,