{
    "0": {
        "precision": 0.88,
        "recall": 0.88,
        "f1-score": 0.88,
        "support": 75.0
    },
    "1": {
        "precision": 0.0,
        "recall": 0.0,
        "f1-score": 0.0,
        "support": 2.0
    },
    "2": {
        "precision": 0.0,
        "recall": 0.0,
        "f1-score": 0.0,
        "support": 0.0
    },
    "3": {
        "precision": 0.0,
        "recall": 0.0,
        "f1-score": 0.0,
        "support": 3.0
    },
    "4": {
        "precision": 0.36363636363636365,
        "recall": 0.26666666666666666,
        "f1-score": 0.3076923076923077,
        "support": 15.0
    },
    "5": {
        "precision": 0.5,
        "recall": 1.0,
        "f1-score": 0.6666666666666666,
        "support": 1.0
    },
    "6": {
        "precision": 0.8,
        "recall": 1.0,
        "f1-score": 0.8888888888888888,
        "support": 4.0
    },
    "7": {
        "precision": 0.2,
        "recall": 0.5,
        "f1-score": 0.2857142857142857,
        "support": 6.0
    },
    "8": {
        "precision": 0.0,
        "recall": 0.0,
        "f1-score": 0.0,
        "support": 0.0
    },
    "9": {
        "precision": 0.0,
        "recall": 0.0,
        "f1-score": 0.0,
        "support": 1.0
    },
    "10": {
        "precision": 0.42857142857142855,
        "recall": 0.2727272727272727,
        "f1-score": 0.3333333333333333,
        "support": 11.0
    },
    "11": {
        "precision": 0.0,
        "recall": 0.0,
        "f1-score": 0.0,
        "support": 0.0
    },
    "12": {
        "precision": 0.0,
        "recall": 0.0,
        "f1-score": 0.0,
        "support": 3.0
    },
    "13": {
        "precision": 0.2,
        "recall": 0.1,
        "f1-score": 0.13333333333333333,
        "support": 10.0
    },
    "14": {
        "precision": 0.0,
        "recall": 0.0,
        "f1-score": 0.0,
        "support": 1.0
    },
    "15": {
        "precision": 0.0,
        "recall": 0.0,
        "f1-score": 0.0,
        "support": 1.0
    },
    "16": {
        "precision": 0.7,
        "recall": 0.4375,
        "f1-score": 0.5384615384615384,
        "support": 16.0
    },
    "17": {
        "precision": 1.0,
        "recall": 0.6666666666666666,
        "f1-score": 0.8,
        "support": 6.0
    },
    "18": {
        "precision": 0.0,
        "recall": 0.0,
        "f1-score": 0.0,
        "support": 1.0
    },
    "19": {
        "precision": 0.0,
        "recall": 0.0,
        "f1-score": 0.0,
        "support": 1.0
    },
    "20": {
        "precision": 0.25,
        "recall": 0.3,
        "f1-score": 0.2727272727272727,
        "support": 20.0
    },
    "21": {
        "precision": 0.0,
        "recall": 0.0,
        "f1-score": 0.0,
        "support": 1.0
    },
    "22": {
        "precision": 0.0,
        "recall": 0.0,
        "f1-score": 0.0,
        "support": 0.0
    },
    "23": {
        "precision": 0.0,
        "recall": 0.0,
        "f1-score": 0.0,
        "support": 0.0
    },
    "24": {
        "precision": 0.0,
        "recall": 0.0,
        "f1-score": 0.0,
        "support": 2.0
    },
    "25": {
        "precision": 1.0,
        "recall": 0.6,
        "f1-score": 0.75,
        "support": 10.0
    },
    "26": {
        "precision": 0.4166666666666667,
        "recall": 0.2631578947368421,
        "f1-score": 0.3225806451612903,
        "support": 19.0
    },
    "27": {
        "precision": 0.3333333333333333,
        "recall": 0.5,
        "f1-score": 0.4,
        "support": 2.0
    },
    "28": {
        "precision": 0.2857142857142857,
        "recall": 0.2857142857142857,
        "f1-score": 0.2857142857142857,
        "support": 21.0
    },
    "29": {
        "precision": 0.0,
        "recall": 0.0,
        "f1-score": 0.0,
        "support": 6.0
    },
    "30": {
        "precision": 0.0,
        "recall": 0.0,
        "f1-score": 0.0,
        "support": 0.0
    },
    "31": {
        "precision": 0.0,
        "recall": 0.0,
        "f1-score": 0.0,
        "support": 0.0
    },
    "32": {
        "precision": 0.0,
        "recall": 0.0,
        "f1-score": 0.0,
        "support": 0.0
    },
    "33": {
        "precision": 0.75,
        "recall": 0.75,
        "f1-score": 0.75,
        "support": 4.0
    },
    "34": {
        "precision": 0.3,
        "recall": 0.42857142857142855,
        "f1-score": 0.35294117647058826,
        "support": 21.0
    },
    "35": {
        "precision": 0.8461538461538461,
        "recall": 0.9166666666666666,
        "f1-score": 0.88,
        "support": 12.0
    },
    "36": {
        "precision": 0.0,
        "recall": 0.0,
        "f1-score": 0.0,
        "support": 3.0
    },
    "37": {
        "precision": 0.0,
        "recall": 0.0,
        "f1-score": 0.0,
        "support": 0.0
    },
    "38": {
        "precision": 0.0,
        "recall": 0.0,
        "f1-score": 0.0,
        "support": 0.0
    },
    "39": {
        "precision": 0.0,
        "recall": 0.0,
        "f1-score": 0.0,
        "support": 1.0
    },
    "40": {
        "precision": 0.0,
        "recall": 0.0,
        "f1-score": 0.0,
        "support": 2.0
    },
    "41": {
        "precision": 0.0,
        "recall": 0.0,
        "f1-score": 0.0,
        "support": 1.0
    },
    "42": {
        "precision": 0.0,
        "recall": 0.0,
        "f1-score": 0.0,
        "support": 1.0
    },
    "43": {
        "precision": 0.2,
        "recall": 0.125,
        "f1-score": 0.15384615384615385,
        "support": 8.0
    },
    "44": {
        "precision": 0.0,
        "recall": 0.0,
        "f1-score": 0.0,
        "support": 0.0
    },
    "45": {
        "precision": 0.0,
        "recall": 0.0,
        "f1-score": 0.0,
        "support": 1.0
    },
    "46": {
        "precision": 0.0,
        "recall": 0.0,
        "f1-score": 0.0,
        "support": 1.0
    },
    "47": {
        "precision": 0.0,
        "recall": 0.0,
        "f1-score": 0.0,
        "support": 0.0
    },
    "48": {
        "precision": 0.0,
        "recall": 0.0,
        "f1-score": 0.0,
        "support": 0.0
    },
    "49": {
        "precision": 0.0,
        "recall": 0.0,
        "f1-score": 0.0,
        "support": 3.0
    },
    "50": {
        "precision": 0.0,
        "recall": 0.0,
        "f1-score": 0.0,
        "support": 0.0
    },
    "51": {
        "precision": 0.0,
        "recall": 0.0,
        "f1-score": 0.0,
        "support": 0.0
    },
    "52": {
        "precision": 0.3333333333333333,
        "recall": 0.5,
        "f1-score": 0.4,
        "support": 2.0
    },
    "53": {
        "precision": 0.0,
        "recall": 0.0,
        "f1-score": 0.0,
        "support": 5.0
    },
    "54": {
        "precision": 0.0,
        "recall": 0.0,
        "f1-score": 0.0,
        "support": 2.0
    },
    "55": {
        "precision": 0.1111111111111111,
        "recall": 0.14285714285714285,
        "f1-score": 0.125,
        "support": 7.0
    },
    "56": {
        "precision": 0.5,
        "recall": 0.14285714285714285,
        "f1-score": 0.2222222222222222,
        "support": 7.0
    },
    "57": {
        "precision": 0.3333333333333333,
        "recall": 0.35294117647058826,
        "f1-score": 0.34285714285714286,
        "support": 17.0
    },
    "58": {
        "precision": 0.2,
        "recall": 0.2857142857142857,
        "f1-score": 0.23529411764705882,
        "support": 7.0
    },
    "59": {
        "precision": 0.9393939393939394,
        "recall": 0.8378378378378378,
        "f1-score": 0.8857142857142857,
        "support": 37.0
    },
    "60": {
        "precision": 0.5,
        "recall": 0.3333333333333333,
        "f1-score": 0.4,
        "support": 3.0
    },
    "61": {
        "precision": 0.0,
        "recall": 0.0,
        "f1-score": 0.0,
        "support": 0.0
    },
    "62": {
        "precision": 0.0,
        "recall": 0.0,
        "f1-score": 0.0,
        "support": 0.0
    },
    "63": {
        "precision": 0.0,
        "recall": 0.0,